mysql> select * from person;
+----------+----------+-----------+
| personid | lastname | firstname |
+----------+----------+-----------+
|        1 | Wang     | Allen     |
|        2 | Alice    | Bob       |
+----------+----------+-----------+
2 rows in set (0.00 sec)

mysql> select * from address;
+-----------+----------+---------------+------------+
| addressid | personid | city          | state      |
+-----------+----------+---------------+------------+
|         1 |        2 | New York City | New York   |
|         2 |        3 | San Diego     | California |
+-----------+----------+---------------+------------+
2 rows in set (0.00 sec)

mysql> select firstname,lastname,city,state from person left join address on person.personid=address.personid;
+-----------+----------+---------------+----------+
| firstname | lastname | city          | state    |
+-----------+----------+---------------+----------+
| Allen     | Wang     | NULL          | NULL     |
| Bob       | Alice    | New York City | New York |
+-----------+----------+---------------+----------+
2 rows in set (0.00 sec)